target_voltage_V,actual_voltage_V,solution_level,absolute_error_V
2.7,2.7300086099630145,1,0.030008609963014354
3.3,2.7300086099630145,1,0.5699913900369853
3.7,4.10338508265435,2,0.40338508265435014
4.0,4.10338508265435,2,0.10338508265435031
4.3,4.306014801431517,3,0.006014801431517114
