time_s,cell_voltage_V,specific_capacity_mAh_g,average_positive_xNa,positive_desodiation_fraction,surface_positive_xNa,center_positive_xNa,surface_center_delta_xNa,maximum_von_mises_Pa,average_von_mises_Pa,stress_stddev_Pa,mass_balance_relative_error,negative_capacity_ratio,average_electrolyte_concentration_mol_m3,quantitative_ready
3552.4005621050833,4.282069091113351,172.68613843566376,0.28256033904886324,0.8967995761889209,0.28210326241500727,0.28324592322311204,-0.0011426608081047673,964928.601440313,518108.28949402843,222646.66264929605,2.4058311131388543E-4,1.0168673850566228,1000.0235698277113,0.0
