time_s,cell_voltage_V,specific_capacity_mAh_g,average_positive_xNa,positive_desodiation_fraction,surface_positive_xNa,center_positive_xNa,surface_center_delta_xNa,maximum_von_mises_Pa,average_von_mises_Pa,stress_stddev_Pa,mass_balance_relative_error,negative_capacity_ratio,average_electrolyte_concentration_mol_m3,quantitative_ready
0.0,2.730027119571066,0.0,1.0000000000000004,-5.551115123125783E-16,1.0,1.0000000000000002,-2.220446049250313E-16,7.335520501646285E-22,2.2459622813633289E-23,1.264520598048676E-22,1.350526719731743E-15,1.0168673850566228,1000.0000000000016,0.0
951.3290881800408,3.112803657583204,46.245164008751985,0.8078704226775735,0.24016197165303316,0.8074133438920139,0.8085560073130327,-0.0011426634210187636,964223.9272540628,518112.9896575976,222649.50626668616,6.442846142313034E-5,1.0168673850566228,1000.023491465891,0.0
1902.6581763600816,3.473833301277174,92.49032801750397,0.6157408453554132,0.4803239433057335,0.6152837691742754,0.6164264295381209,-0.0011426603638454713,964879.837797702,518107.53958449484,222645.73623098258,1.2885692284746116E-4,1.0168673850566228,1000.0235748390352,0.0
2378.3227204501018,3.664912285777817,115.61291002187997,0.5196760566942323,0.6004049291322096,0.5192189810032943,0.5203616406141627,-0.0011426596108683462,964868.991275302,518106.7014832877,222644.75375028487,1.6107115356015175E-4,1.0168673850566228,1000.0235781229442,0.0
2853.987264540122,3.8600353416612623,138.73549202625594,0.4236112680330416,0.720485914958698,0.4231541922751458,0.42429685194042854,-0.0011426596652827636,964876.2967321394,518106.8139786056,222644.8923309964,1.9328538427374273E-4,1.0168673850566228,1000.0235777222447,0.0
3552.4005658979304,4.282068937439172,172.68613862003826,0.2825603382828594,0.8967995771464257,0.2821032616490067,0.2832459224571148,-0.001142660808108098,964928.6008918172,518108.28949278925,222646.66265026006,2.4058520407433417E-4,1.0168673850566228,1000.0235698277253,0.0
