target_voltage_V,actual_voltage_V,solution_level,absolute_error_V
2.7,2.7300271195712646,1,0.03002711957126447
3.3,3.4738333011628293,3,0.17383330116282947
3.7,3.6649122856325165,4,0.0350877143674837
4.0,3.860035341324468,5,0.13996465867553187
4.3,4.282069091109564,6,0.017930908890435582
