target_voltage_V,actual_voltage_V,solution_level,absolute_error_V
2.7,2.7000086099632052,1,8.60996320506402E-6
3.3,2.7000086099632052,1,0.5999913900367946
3.7,4.087006472700902,2,0.38700647270090194
4.0,4.087006472700902,2,0.08700647270090212
4.3,4.3053729390012725,3,0.00537293900127267
