target_desodiation_fraction,target_average_xNa,actual_average_xNa,solution_level,absolute_xNa_error
0.0,1.0,1.0,1,0.0
0.25,0.8,0.8078704226775597,2,0.007870422677559663
0.5,0.6,0.6157408453552639,3,0.015740845355263877
0.75,0.3999999999999999,0.42361126803289406,5,0.02361126803289415
1.0,0.19999999999999996,0.28410034687370106,6,0.0841003468737011
