target_voltage_V,actual_voltage_V,solution_level,absolute_error_V
2.7,2.700027119571083,1,2.711957108303409E-5
3.3,3.435986123338826,3,0.1359861233388262
3.7,3.6178061013962344,4,0.0821938986037658
4.0,3.8182737289434936,5,0.1817262710565064
4.3,4.28926624109072,6,0.010733758909279523
