target_voltage_V,actual_voltage_V,solution_level,absolute_error_V
2.7,2.7000271195710512,1,2.7119571051059665E-5
3.3,3.4359537687102777,3,0.13595376871027787
3.7,3.6174958514731177,4,0.08250414852688248
4.0,3.8186829212926656,5,0.18131707870733438
4.3,4.297120275320998,6,0.0028797246790022157
