target_voltage_V,actual_voltage_V,solution_level,absolute_error_V
2.7,2.7000271195710974,1,2.7119571097244943E-5
3.3,3.435953768595555,3,0.13595376859555497
3.7,3.6174958513253155,4,0.0825041486746847
4.0,3.81868292095122,5,0.18131707904877992
4.3,4.2971199596722816,6,0.0028800403277182696
