target_voltage_V,actual_voltage_V,solution_level,absolute_error_V
4.3,4.270985325614237,1,0.02901467438576244
3.5,4.100524240415052,21,0.6005242404150524
3.3,4.100524240415052,21,0.8005242404150525
3.0,4.100524240415052,21,1.1005242404150524
2.6,4.100524240415052,21,1.5005242404150523
