baseline_Pa,minimum_Pa,maximum_Pa,lower_relative,upper_relative,quantitative_ready
2236967.121762257,1491311.414527285,3728278.5363185816,0.3333333333247889,0.6666666666881927,false
