target_voltage_V,actual_voltage_V,solution_level,absolute_error_V
2.7,2.730027119571066,1,0.030027119571065963
3.3,3.473795095638475,3,0.17379509563847506
3.7,3.664900036039499,4,0.03509996396050097
4.0,3.860231209408913,5,0.13976879059108693
4.3,4.286640386131508,6,0.013359613868491493
