target_voltage_V,actual_voltage_V,solution_level,absolute_error_V
4.3,4.270985525968708,1,0.029014474031291648
3.5,3.329395578097374,3,0.17060442190262615
3.3,3.329395578097374,3,0.02939557809737403
3.0,2.917943426391942,5,0.08205657360805807
2.6,2.917943426391942,5,0.31794342639194184
