target_desodiation_fraction,target_average_xNa,actual_average_xNa,solution_level,absolute_xNa_error
0.0,1.0,1.0000000000000004,1,4.440892098500626E-16
0.25,0.8,0.8078704226775478,2,0.007870422677547784
0.5,0.6,0.6157408453554543,3,0.01574084535545428
0.75,0.3999999999999999,0.42361126803307436,5,0.02361126803307445
1.0,0.19999999999999996,0.28256033828288984,6,0.08256033828288989
