target_voltage_V,actual_voltage_V,solution_level,absolute_error_V
2.7,2.7300271195712615,1,0.030027119571261363
3.3,3.4739662428217986,3,0.17396624282179873
3.7,3.664935105208633,4,0.035064894791366985
4.0,3.859764982900194,5,0.14023501709980613
4.3,4.283475621650009,6,0.016524378349990876
