time_s,cell_voltage_V,specific_capacity_mAh_g,average_positive_xNa,positive_desodiation_fraction,surface_positive_xNa,center_positive_xNa,surface_center_delta_xNa,maximum_von_mises_Pa,average_von_mises_Pa,stress_stddev_Pa,mass_balance_relative_error,negative_capacity_ratio,average_electrolyte_concentration_mol_m3,quantitative_ready
0.0,2.730027119571066,0.0,1.0000000000000007,-8.326672684688674E-16,1.0,1.0000000000000002,-2.220446049250313E-16,7.335520501646285E-22,2.4793383827300443E-23,1.3263401290915701E-22,1.350526719731743E-15,1.0168673850566228,1000.0000000000016,0.0
951.3290881800408,3.112539887819492,46.245164008751985,0.8078704226778137,0.24016197165273284,0.8074133436696274,0.8085560083717084,-0.0011426647020810199,964950.104285288,518112.230476202,222651.33590690154,6.442846142463093E-5,1.0168673850566228,1000.0235624971771,0.0
1902.6581763600816,3.473795095638475,92.49032801750397,0.6157408453554457,0.48032394330569284,0.6152837691751973,0.6164264295382281,-0.0011426603630307897,964879.7452797637,518107.53810912266,222645.73465621474,1.2885692284881167E-4,1.0168673850566228,1000.0235751632451,0.0
2378.3227204501018,3.664900036039499,115.61291002187997,0.5196760566942633,0.6004049291321708,0.5192189810033857,0.5203616406092499,-0.001142659605864238,964869.0596725488,518106.7019508716,222644.75316575594,1.6107115356090205E-4,1.0168673850566228,1000.0235780544808,0.0
2853.987264540122,3.860231209408913,138.73549202625594,0.4236112680330813,0.7204859149586484,0.42315419227510004,0.42429685193944233,-0.0011426596643422937,964876.3691532806,518106.8142235328,222644.89233521116,1.9328538427224214E-4,1.0168673850566228,1000.0235772529044,0.0
3554.521150612997,4.286640386131508,172.78922259924292,0.28213206687813486,0.8973349164023314,0.28167499024710013,0.2828176510611414,-0.0011426608140412409,964929.0404734673,518108.2942573807,222646.6660144364,2.407288200042187E-4,1.0168673850566228,1000.0235710140764,0.0
