target_voltage_V,actual_voltage_V,solution_level,absolute_error_V
4.3,4.258751776708911,1,0.041248223291089126
3.5,3.329999289063506,3,0.17000071093649405
3.3,3.329999289063506,3,0.02999928906350613
3.0,2.9181826220949123,5,0.0818173779050877
2.6,2.9181826220949123,5,0.3181826220949122
