target_voltage_V,actual_voltage_V,solution_level,absolute_error_V
4.3,4.27098532563223,1,0.02901467436776972
3.5,3.329395581905084,3,0.170604418094916
3.3,3.329395581905084,3,0.029395581905084178
3.0,2.917943432494089,5,0.08205656750591084
2.6,2.917943432494089,5,0.3179434324940891
