target_desodiation_fraction,target_average_xNa,actual_average_xNa,solution_level,absolute_xNa_error
0.0,1.0,1.0000000000000007,1,6.661338147750939E-16
0.25,0.8,0.8078704226775711,2,0.007870422677571098
0.5,0.6,0.6157408453554041,3,0.0157408453554041
0.75,0.3999999999999999,0.4236112680330328,5,0.023611268033032873
1.0,0.19999999999999996,0.2825603382828609,6,0.08256033828286097
