target_voltage_V,actual_voltage_V,solution_level,absolute_error_V
2.7,2.7000271195710512,1,2.7119571051059665E-5
3.3,3.435953768710227,3,0.13595376871022724
3.7,3.6174958514730706,4,0.08250414852692955
4.0,3.8186829212925697,5,0.1813170787074303
4.3,4.297120275341093,6,0.002879724658907179
