target_voltage_V,actual_voltage_V,solution_level,absolute_error_V
2.7,2.730027128807809,1,0.03002712880780889
3.3,3.4734142334012374,3,0.17341423340123763
3.7,3.664381469731326,4,0.03561853026867423
4.0,3.859500302139517,5,0.14049969786048289
4.3,4.299042947850348,6,9.570521496522488E-4
