target_voltage_V,actual_voltage_V,solution_level,absolute_error_V
2.7,2.7000271195710512,1,2.7119571051059665E-5
3.3,3.4359537687102573,3,0.13595376871025744
3.7,3.617495851473101,4,0.08250414852689936
4.0,3.818682921292622,5,0.1813170787073779
4.3,4.297120275329771,6,0.0028797246702287893
