baseline_Pa,minimum_Pa,maximum_Pa,lower_relative,upper_relative,quantitative_ready
964928.601440313,603080.3755589228,1688625.0515647228,0.3750000003536768,0.7499999990094345,false
