target_desodiation_fraction,target_average_xNa,actual_average_xNa,solution_level,absolute_xNa_error
0.0,1.0,0.8892813576161882,6,0.1107186423838118
0.25,0.8,0.7637269145779504,4,0.036273085422049656
0.5,0.6,0.6676621259167621,3,0.06766212591676213
0.75,0.3999999999999999,0.47553254859438915,2,0.07553254859438924
1.0,0.19999999999999996,0.2841062124472107,1,0.08410621244721073
