target_voltage_V,actual_voltage_V,solution_level,absolute_error_V
2.7,2.730027119571066,1,0.030027119571065963
3.3,3.473833301277174,3,0.173833301277174
3.7,3.664912285777817,4,0.03508771422218304
4.0,3.8600353416612623,5,0.13996465833873772
4.3,4.282068937439172,6,0.01793106256082755
