target_voltage_V,actual_voltage_V,solution_level,absolute_error_V
2.7,2.7300271195712646,1,0.03002711957126447
3.3,3.47383330116281,3,0.17383330116281037
3.7,3.6649122856325103,4,0.03508771436748992
4.0,3.8600353413244632,5,0.13996465867553676
4.3,4.282069091109585,6,0.017930908890415154
