target_voltage_V,actual_voltage_V,solution_level,absolute_error_V
2.7,2.7300860996319685,1,0.03008609963196829
3.3,2.7300860996319685,1,0.5699139003680314
3.7,4.26753264487345,2,0.5675326448734497
4.0,4.26753264487345,2,0.26753264487344985
4.3,4.26753264487345,2,0.03246735512654997
