target_voltage_V,actual_voltage_V,solution_level,absolute_error_V
2.7,2.730027119571066,1,0.030027119571065963
3.3,3.4738333012771885,3,0.17383330127718866
3.7,3.664912285777822,4,0.03508771422217816
4.0,3.8600353416612694,5,0.13996465833873062
4.3,4.282068937441452,6,0.017931062558547595
