target_voltage_V,actual_voltage_V,solution_level,absolute_error_V
2.7,2.700027133025562,1,2.713302556189845E-5
3.3,3.435529174663115,3,0.1355291746631151
3.7,3.6169333293996844,4,0.0830666706003158
4.0,3.8179315775201585,5,0.18206842247984145
4.3,4.2882086725709465,6,0.011791327429053311
