target_voltage_V,actual_voltage_V,solution_level,absolute_error_V
2.7,2.730027119571066,1,0.030027119571065963
3.3,3.4738333012771956,3,0.17383330127719576
3.7,3.6649122857778287,4,0.035087714222171495
4.0,3.8600353416613387,5,0.13996465833866134
4.3,4.282068937451211,6,0.01793106254878918
