time_s,cell_voltage_V,specific_capacity_mAh_g,average_positive_xNa,positive_desodiation_fraction,surface_positive_xNa,center_positive_xNa,surface_center_delta_xNa,maximum_von_mises_Pa,average_von_mises_Pa,stress_stddev_Pa,mass_balance_relative_error,negative_capacity_ratio,average_electrolyte_concentration_mol_m3,quantitative_ready
0.0,2.7000271195710512,0.0,1.0000000000000002,-2.7755575615628914E-16,0.9999999999999999,0.9999999999999989,9.992007221626409E-16,1.0373992580494066E-21,0.0,0.0,7.48723796537739E-16,1.0147289972202618,1000.0000000000014,0.0
953.3338703003045,3.0927868400099294,46.342618695153696,0.8078704226775376,0.24016197165307798,0.8070933388449895,0.8090359920181645,-0.0019426531731749908,1490448.1991867733,800768.6422533685,344108.3361334488,6.442923397155879E-5,1.0147289972202618,1000.0235129400393,0.0
1906.667740600609,3.4359537687102546,92.68523739030739,0.6157408453552362,0.48032394330595474,0.6149637656908692,0.616906418203825,-0.0019426525129557781,1491277.5143705688,800760.539983111,344103.94283764274,1.2885846794206935E-4,1.0147289972202618,1000.0235911506709,0.0
2383.334675750761,3.6174958514730906,115.85654673788422,0.5196760566940541,0.6004049291324323,0.5188989779816795,0.5208416291662383,-0.0019426511845588301,1491245.1707253226,800759.0295307296,344102.1891763629,1.610730849274744E-4,1.0147289972202618,1000.0235932442482,0.0
2860.0016109009134,3.8186829212925923,139.02785608546108,0.42361126803286,0.720485914958925,0.4228341904025442,0.42477683994383014,-0.0019426495412859235,1491233.0700308103,800757.3002125284,344100.204712377,1.9328770191287943E-4,1.0147289972202618,1000.0235950059104,0.0
3552.245284351521,4.297120275326051,172.67859021153228,0.28410034900694126,0.8948745637413233,0.2833232703353425,0.2852659210088955,-0.0019426506735529814,1491311.414528545,800758.9509297385,344102.146935915,2.400716576612714E-4,1.0147289972202618,1000.0235898436301,0.0
