target_voltage_V,actual_voltage_V,solution_level,absolute_error_V
2.7,2.7000271195710512,1,2.7119571051059665E-5
3.3,3.4359537687102546,3,0.13595376871025477
3.7,3.6174958514730804,4,0.08250414852691978
4.0,3.818682921292622,5,0.1813170787073779
4.3,4.297120275325707,6,0.0028797246742930938
