target_voltage_V,actual_voltage_V,solution_level,absolute_error_V
2.7,2.730027119571066,1,0.030027119571065963
3.3,3.4736434264080533,3,0.17364342640805353
3.7,3.6647118433790804,4,0.035288156620919775
4.0,3.8598349055818324,5,0.1401650944181676
4.3,4.281879019335217,6,0.01812098066478285
