target_voltage_V,actual_voltage_V,solution_level,absolute_error_V
2.7,2.730027119571066,1,0.030027119571065963
3.3,3.4741525745011486,3,0.17415257450114874
3.7,3.665265858168241,4,0.03473414183175905
4.0,3.8604927992558404,5,0.13950720074415957
4.3,4.283074415484252,6,0.01692558451574744
