target_voltage_V,actual_voltage_V,solution_level,absolute_error_V
2.7,2.730027119571066,1,0.030027119571065963
3.3,3.4738333012771667,3,0.1738333012771669
3.7,3.664912285777814,4,0.03508771422218615
4.0,3.8600353416612707,5,0.1399646583387293
4.3,4.282068937447014,6,0.01793106255298582
