target_voltage_V,actual_voltage_V,solution_level,absolute_error_V
2.7,2.7000195922470063,1,1.9592247006094965E-5
3.3,3.434567471958209,3,0.13456747195820906
3.7,3.6163059578391152,4,0.08369404216088494
4.0,3.81596387007844,5,0.18403612992156004
4.3,4.293119255714205,6,0.006880744285794549
