target_voltage_V,actual_voltage_V,solution_level,absolute_error_V
4.3,4.258751776690336,1,0.0412482233096636
3.5,3.3299992890637484,3,0.17000071093625158
3.3,3.3299992890637484,3,0.029999289063748602
3.0,2.9181826220749834,5,0.08181737792501664
2.6,2.9181826220749834,5,0.31818262207498327
