time_s,cell_voltage_V,specific_capacity_mAh_g,average_positive_xNa,positive_desodiation_fraction,surface_positive_xNa,center_positive_xNa,surface_center_delta_xNa,maximum_von_mises_Pa,average_von_mises_Pa,stress_stddev_Pa,mass_balance_relative_error,negative_capacity_ratio,average_electrolyte_concentration_mol_m3,quantitative_ready
0.0,2.7000271195710512,0.0,1.0000000000000002,-2.7755575615628914E-16,1.0,0.9999999999999989,1.1102230246251565E-15,0.0,0.0,0.0,7.48723796537739E-16,1.0147289972202618,1000.0000000000014,0.0
953.3338703003045,3.092786840009891,46.342618695153696,0.8078704226775535,0.24016197165305814,0.8070933388450051,0.8090359920181819,-0.0019426531731767671,1490448.1991896671,800768.6422544788,344108.33613394556,6.442923397081005E-5,1.0147289972202618,1000.0235129400377,0.0
1906.667740600609,3.4359537687102546,92.68523739030739,0.6157408453552397,0.4803239433059504,0.6149637656908719,0.6169064182038279,-0.0019426525129560002,1491277.5143711483,800760.5399831285,344103.9428376727,1.2885846794191962E-4,1.0147289972202618,1000.0235911506707,0.0
2383.334675750761,3.6174958514730795,115.85654673788422,0.5196760566940566,0.6004049291324293,0.5188989779816817,0.5208416291662408,-0.0019426511845590522,1491245.1707234923,800759.029530733,344102.189176355,1.610730849271749E-4,1.0147289972202618,1000.0235932442479,0.0
2860.0016109009134,3.818682921292622,139.02785608546108,0.4236112680328551,0.7204859149589311,0.42283419040253933,0.4247768399438253,-0.001942649541285979,1491233.0700269332,800757.30021267,344100.20471242006,1.932877019118312E-4,1.0147289972202618,1000.0235950059123,0.0
3552.245284351558,4.297120275341065,172.67859021153407,0.2841003490069397,0.8948745637413253,0.28332327033534166,0.28526592100889314,-0.0019426506735514826,1491311.414527285,800758.9509291031,344102.1469356945,2.4007165766097192E-4,1.0147289972202618,1000.0235898436291,0.0
