target_voltage_V,actual_voltage_V,solution_level,absolute_error_V
2.7,2.7000271195710512,1,2.7119571051059665E-5
3.3,3.435408122839221,3,0.135408122839221
3.7,3.6169180833465027,4,0.08308191665349751
4.0,3.8180407826540725,5,0.18195921734592746
4.3,4.279219394924029,6,0.020780605075970904
