time_s,cell_voltage_V,specific_capacity_mAh_g,average_positive_xNa,positive_desodiation_fraction,surface_positive_xNa,center_positive_xNa,surface_center_delta_xNa,maximum_von_mises_Pa,average_von_mises_Pa,stress_stddev_Pa,mass_balance_relative_error,negative_capacity_ratio,average_electrolyte_concentration_mol_m3,quantitative_ready
0.0,2.700086099632274,0.0,1.0000000000000002,-2.7755575615628914E-16,0.9999999999999997,0.999999999999999,6.661338147750939E-16,2.934208200658514E-21,9.566598206966259E-24,1.2473989680695216E-22,1.497447593075478E-15,1.0147289972202618,1000.0000000000017,0.0
740.5611397137717,4.28278067181348,35.999499847197235,0.4527553130267114,0.6840558587166107,0.44990602868217155,0.4570290759739021,-0.007123047291730522,8201912.61046768,4404164.091392963,1892549.849444451,1.2899857115099782E-4,1.0147289972202618,1000.086605400493,0.0
