time_s,cell_voltage_V,specific_capacity_mAh_g,average_positive_xNa,positive_desodiation_fraction,surface_positive_xNa,center_positive_xNa,surface_center_delta_xNa,maximum_von_mises_Pa,average_von_mises_Pa,stress_stddev_Pa,mass_balance_relative_error,negative_capacity_ratio,average_electrolyte_concentration_mol_m3,quantitative_ready
0.0,2.7300271195712615,0.0,1.0000000000000002,-2.7755575615628914E-16,0.9999999999999996,1.0000000000000002,-6.661338147750939E-16,7.335520501646285E-22,2.905256954839112E-23,1.4248425297071925E-22,4.501755732439143E-16,1.0168673850566228,1000.0000000000011,0.0
951.3290881800408,3.114348069644533,46.245164008751985,0.8078704226776714,0.24016197165291076,0.8074133442254616,0.808556008018845,-0.0011426637933833472,964939.7222647492,518111.2834691006,222650.20566097437,6.442790105343022E-5,1.0168673850566228,1000.0235655278169,0.0
1902.6581763600816,3.4739662428217986,92.49032801750397,0.6157408453559886,0.4803239433050142,0.6152837692429244,0.6164264295021581,-0.0011426602592337076,964880.5291518236,518107.4207342207,222645.60168949512,1.2885580210731062E-4,1.0168673850566228,1000.0235756849075,0.0
2378.3227204501018,3.664935105208633,115.61291002187997,0.5196760566948165,0.6004049291314792,0.5192189810003881,0.5203616406009409,-0.00114265960055282,964869.0709343646,518106.70940195187,222644.75764478912,1.610697526337256E-4,1.0168673850566228,1000.0235782584159,0.0
2853.987264540122,3.859764982900194,138.73549202625594,0.4236112680335638,0.7204859149580453,0.42315419227597795,0.4242968519401559,-0.0011426596641779252,964876.4413439108,518106.8136341587,222644.89166713058,1.9328370315924024E-4,1.0168673850566228,1000.0235770270199,0.0
3562.0138153185585,4.283475621650009,173.15344935576326,0.2806188549725206,0.8992264312843492,0.28016177832650047,0.28130443914195563,-0.0011426608154551654,964930.1760416797,518108.3096224529,222646.6871920051,2.4123416018329344E-4,1.0168673850566228,1000.0235701255954,0.0
