target_desodiation_fraction,target_average_xNa,actual_average_xNa,solution_level,absolute_xNa_error
0.0,1.0,1.0000000000000004,1,4.440892098500626E-16
0.25,0.8,1.0000000000000004,1,0.2000000000000004
0.5,0.6,0.45176055673941545,2,0.14823944326058452
0.75,0.3999999999999999,0.45176055673941545,2,0.05176055673941554
1.0,0.19999999999999996,0.45176055673941545,2,0.2517605567394155
