time_s,cell_voltage_V,specific_capacity_mAh_g,average_positive_xNa,positive_desodiation_fraction,surface_positive_xNa,center_positive_xNa,surface_center_delta_xNa,maximum_von_mises_Pa,average_von_mises_Pa,stress_stddev_Pa,mass_balance_relative_error,negative_capacity_ratio,average_electrolyte_concentration_mol_m3,quantitative_ready
0.0,2.7000195922470063,0.0,1.0,0.0,0.9999999999999998,1.0000000000000002,-4.440892098500626E-16,2.934208200658514E-21,1.9997273259739997E-23,1.4795193485883778E-22,1.0972544952313704E-15,1.0147289972202618,1000.0000000000011,0.0
953.3338703003049,3.090388592335255,46.3426186951537,0.8078124988129871,0.2402343764837661,0.8072510493252846,0.8086543926971778,-0.0014033433718931843,1572098.127645398,868972.2449287114,368670.3270398092,2.2000848408452135E-6,1.0147289972202618,1000.017033608446,0.0
1906.6677406006097,3.434567471958209,92.6852373903074,0.6156249976260274,0.4804687529674657,0.6150635557168557,0.6164668880137302,-0.0014033322968745043,1571668.645407377,868955.0903177873,368657.16958863265,4.400169680837007E-6,1.0147289972202618,1000.0170437509977,0.0
2383.334675750762,3.6163059578391152,115.85654673788424,0.5195312470325593,0.6005859412093009,0.5189698065348717,0.5203731370035772,-0.0014033304687055548,1571618.515121837,868951.7433604557,368654.6478994176,5.500212099308939E-6,1.0147289972202618,1000.0170455125143,0.0
2860.0016109009143,3.81596387007844,139.0278560854611,0.42343749643908535,0.7207031294511432,0.42287605754973057,0.4242793859194957,-0.0014033283697651444,1571537.0592045744,868947.894223275,368651.79317028704,6.600254517658955E-6,1.0147289972202618,1000.0170465464483,0.0
3685.3687265059984,4.293119255714205,179.14986864959715,0.25704747458868643,0.928690656764142,0.2564860336187793,0.25788936449284955,-0.001403330874070241,1571560.6487963859,868952.8359057828,368655.57715263544,8.505020239787113E-6,1.0147289972202618,1000.0170438326912,0.0
