target_voltage_V,actual_voltage_V,solution_level,absolute_error_V
2.7,2.7000271195710974,1,2.7119571097244943E-5
3.3,3.4359537685955996,3,0.13595376859559982
3.7,3.617495851325331,4,0.08250414867466915
4.0,3.8186829209512467,5,0.18131707904875327
4.3,4.297119959700293,6,0.0028800402997068986
