target_desodiation_fraction,target_average_xNa,actual_average_xNa,solution_level,absolute_xNa_error
0.0,1.0,0.8893182827310352,6,0.11068171726896481
0.25,0.8,0.7637749122327924,4,0.036225087767207675
0.5,0.6,0.6677101235716018,3,0.06771012357160178
0.75,0.3999999999999999,0.4755805462492329,2,0.075580546249233
1.0,0.19999999999999996,0.2841003494100164,1,0.08410034941001643
