target_voltage_V,actual_voltage_V,solution_level,absolute_error_V
4.3,4.3060148014315,1,0.0060148014315002385
3.5,2.851663741359086,2,0.648336258640914
3.3,2.851663741359086,2,0.44833625864091387
3.0,2.851663741359086,2,0.14833625864091404
2.6,2.851663741359086,2,0.25166374135908587
