time_s,cell_voltage_V,specific_capacity_mAh_g,average_positive_xNa,positive_desodiation_fraction,surface_positive_xNa,center_positive_xNa,surface_center_delta_xNa,maximum_von_mises_Pa,average_von_mises_Pa,stress_stddev_Pa,mass_balance_relative_error,negative_capacity_ratio,average_electrolyte_concentration_mol_m3,quantitative_ready
0.0,2.730027119571066,0.0,1.0000000000000007,-8.326672684688674E-16,1.0,1.0000000000000007,-6.661338147750939E-16,7.335520501646285E-22,4.381517306831741E-23,1.738417114549201E-22,1.200468195317105E-15,1.0168673850566228,1000.0000000000016,0.0
951.3290881800408,3.1128036575831852,46.245164008751985,0.8078704226775711,0.24016197165303607,0.8074133438920112,0.8085560073130307,-0.0011426634210194297,964223.9272526667,518112.9896578135,222649.5062668,6.442846142403069E-5,1.0168673850566228,1000.0234914658888,0.0
1902.6581763600816,3.4738333012771885,92.49032801750397,0.6157408453554041,0.4803239433057449,0.6152837691742657,0.6164264295381121,-0.0011426603638463595,964879.8377977213,518107.53958449315,222645.73623098826,1.2885692284821145E-4,1.0168673850566228,1000.0235748390355,0.0
2378.3227204501018,3.664912285777822,115.61291002187997,0.5196760566942238,0.6004049291322202,0.5192189810032845,0.5203616406141538,-0.0011426596108693454,964868.9912713373,518106.70148329687,222644.75375030376,1.6107115355940146E-4,1.0168673850566228,1000.0235781229447,0.0
2853.987264540122,3.8600353416612694,138.73549202625594,0.4236112680330328,0.720485914958709,0.42315419227513607,0.42429685194041933,-0.0011426596652832632,964876.2967325631,518106.81397863314,222644.89233100894,1.9328538427359265E-4,1.0168673850566228,1000.0235777222478,0.0
3552.4005658978754,4.282068937441452,172.68613862003562,0.2825603382828609,0.8967995771464238,0.28210326164900834,0.2832459224571165,-0.0011426608081081535,964928.6008944168,518108.28949292423,222646.66265029702,2.4058520407478436E-4,1.0168673850566228,1000.0235698277268,0.0
