target_voltage_V,actual_voltage_V,solution_level,absolute_error_V
2.7,2.70002711957099,1,2.7119570989775355E-5
3.3,3.435953768710253,3,0.135953768710253
3.7,3.617495851473079,4,0.08250414852692112
4.0,3.818682921292587,5,0.18131707870741298
4.3,4.297120275337589,6,0.002879724662411043
