target_voltage_V,actual_voltage_V,solution_level,absolute_error_V
2.7,2.730027119571066,1,0.030027119571065963
3.3,3.4738333012771943,3,0.17383330127719443
3.7,3.6649122857778242,4,0.035087714222175936
4.0,3.860035341661337,5,0.13996465833866312
4.3,4.282068937448539,6,0.01793106255146082
