target_voltage_V,actual_voltage_V,solution_level,absolute_error_V
2.7,2.730027133025104,1,0.030027133025103847
3.3,3.473349760423876,3,0.1733497604238763
3.7,3.66430354750886,4,0.035696452491140285
4.0,3.8594069128347583,5,0.14059308716524166
4.3,4.296791987600367,6,0.0032080123996331977
