time_s,cell_voltage_V,specific_capacity_mAh_g,average_positive_xNa,positive_desodiation_fraction,surface_positive_xNa,center_positive_xNa,surface_center_delta_xNa,maximum_von_mises_Pa,average_von_mises_Pa,stress_stddev_Pa,mass_balance_relative_error,negative_capacity_ratio,average_electrolyte_concentration_mol_m3,quantitative_ready
0.0,2.730027119571066,0.0,1.0000000000000007,-8.326672684688674E-16,1.0,1.0000000000000002,-2.220446049250313E-16,7.335520501646285E-22,2.9121758350296373E-23,1.4322796072291753E-22,1.0504096709024668E-15,1.0168673850566228,1000.0000000000014,0.0
951.3290881800408,3.1128036575832465,46.245164008751985,0.8078704226775595,0.24016197165305064,0.8074133438920005,0.8085560073130172,-0.0011426634210167652,964223.9272507251,518112.9896565999,222649.5062662465,6.44284614250811E-5,1.0168673850566228,1000.0234914658868,0.0
1902.6581763600816,3.4738333012771023,92.49032801750397,0.6157408453554477,0.48032394330569034,0.6152837691743105,0.6164264295381553,-0.0011426603638448052,964879.8377985407,518107.53958447714,222645.73623097053,1.2885692284881167E-4,1.0168673850566228,1000.0235748390302,0.0
2378.3227204501018,3.6649122857777283,115.61291002187997,0.5196760566942676,0.6004049291321654,0.5192189810033285,0.5203616406141971,-0.0011426596108685683,964868.9912745623,518106.7014832485,222644.75375027634,1.6107115356195245E-4,1.0168673850566228,1000.0235781229396,0.0
2853.987264540122,3.8600353416612028,138.73549202625594,0.423611268033069,0.7204859149586637,0.4231541922751719,0.42429685194045624,-0.001142659665284318,964876.296731668,518106.8139789005,222644.8923311452,1.9328538427299243E-4,1.0168673850566228,1000.0235777222452,0.0
3552.400565897981,4.2820689374379315,172.68613862004074,0.2825603382828808,0.896799577146399,0.28210326164902755,0.28324592245713615,-0.0011426608081085976,964928.6008941899,518108.2894928176,222646.6626502665,2.4058520407508447E-4,1.0168673850566228,1000.0235698277224,0.0
