target_voltage_V,actual_voltage_V,solution_level,absolute_error_V
2.7,2.730027119571066,1,0.030027119571065963
3.3,3.473833301277098,3,0.17383330127709806
3.7,3.6649122857777243,4,0.035087714222275856
4.0,3.8600353416611877,5,0.13996465833881233
4.3,4.282068937440149,6,0.017931062559850552
