target_voltage_V,actual_voltage_V,solution_level,absolute_error_V
2.7,2.7000271195710512,1,2.7119571051059665E-5
3.3,3.4354081228391555,3,0.1354081228391557
3.7,3.6169180833464365,4,0.08308191665356368
4.0,3.8180407826539895,5,0.1819592173460105
4.3,4.279219394950342,6,0.02078060504965773
