target_voltage_V,actual_voltage_V,solution_level,absolute_error_V
2.7,2.7000271195710512,1,2.7119571051059665E-5
3.3,3.43651990803022,3,0.13651990803022018
3.7,3.6180953117906167,4,0.08190468820938346
4.0,3.819347904367531,5,0.18065209563246887
4.3,4.286134265145486,6,0.013865734854514145
