target_voltage_V,actual_voltage_V,solution_level,absolute_error_V
2.7,2.7000271195710512,1,2.7119571051059665E-5
3.3,3.4359537687102546,3,0.13595376871025477
3.7,3.6174958514730906,4,0.08250414852690957
4.0,3.8186829212925923,5,0.18131707870740765
4.3,4.297120275326051,6,0.0028797246739484805
