target_voltage_V,actual_voltage_V,solution_level,absolute_error_V
2.7,2.7000271195710974,1,2.7119571097244943E-5
3.3,3.4359537685955783,3,0.1359537685955785
3.7,3.617495851325321,4,0.08250414867467937
4.0,3.8186829209512454,5,0.1813170790487546
4.3,4.297119959679793,6,0.0028800403202069447
