target_voltage_V,actual_voltage_V,solution_level,absolute_error_V
4.3,4.270985525977421,1,0.029014474022578618
3.5,3.3293955780973685,3,0.17060442190263148
3.3,3.3293955780973685,3,0.029395578097368702
3.0,2.9179434263932373,5,0.08205657360676266
2.6,2.9179434263932373,5,0.31794342639323725
