time_s,cell_voltage_V,specific_capacity_mAh_g,average_positive_xNa,positive_desodiation_fraction,surface_positive_xNa,center_positive_xNa,surface_center_delta_xNa,maximum_von_mises_Pa,average_von_mises_Pa,stress_stddev_Pa,mass_balance_relative_error,negative_capacity_ratio,average_electrolyte_concentration_mol_m3,quantitative_ready
0.0,2.730027119571066,0.0,1.0000000000000007,-8.326672684688674E-16,1.0,1.0000000000000007,-6.661338147750939E-16,7.335520501646285E-22,5.1979508907660925E-23,1.8822275627427133E-22,1.200468195317105E-15,1.0168673850566228,1000.0000000000014,0.0
951.3290881800408,3.112803657583159,46.245164008751985,0.8078704226775829,0.24016197165302136,0.8074133438920215,0.8085560073130419,-0.001142663421020429,964223.9272534075,518112.98965819617,222649.50626696093,6.442846142373058E-5,1.0168673850566228,1000.0234914658897,0.0
1902.6581763600816,3.473833301277228,92.49032801750397,0.6157408453553848,0.48032394330576905,0.6152837691742469,0.6164264295380926,-0.0011426603638456934,964879.8377972572,518107.5395844902,222645.73623096812,1.2885692284806137E-4,1.0168673850566228,1000.0235748390346,0.0
2378.3227204501018,3.6649122857778846,115.61291002187997,0.5196760566942051,0.6004049291322435,0.519218981003265,0.5203616406141344,-0.0011426596108693454,964868.9912767608,518106.7014832994,222644.7537503125,1.6107115356015175E-4,1.0168673850566228,1000.0235781229436,0.0
2853.987264540122,3.8600353416613093,138.73549202625594,0.42361126803301224,0.7204859149587347,0.4231541922751169,0.4242968519403991,-0.0011426596652822085,964876.2967287326,518106.81397866673,222644.89233105019,1.932853842723922E-4,1.0168673850566228,1000.023577722247,0.0
3552.4005658977944,4.282068937441908,172.6861386200317,0.28256033828285876,0.8967995771464266,0.2821032616490054,0.2832459224571138,-0.0011426608081083756,964928.6008916289,518108.2894927943,222646.66265031262,2.4058520407433417E-4,1.0168673850566228,1000.0235698277262,0.0
