time_s,cell_voltage_V,specific_capacity_mAh_g,average_positive_xNa,positive_desodiation_fraction,surface_positive_xNa,center_positive_xNa,surface_center_delta_xNa,maximum_von_mises_Pa,average_von_mises_Pa,stress_stddev_Pa,mass_balance_relative_error,negative_capacity_ratio,average_electrolyte_concentration_mol_m3,quantitative_ready
0.0,2.7000271195710512,0.0,1.0000000000000002,-2.7755575615628914E-16,0.9999999999999999,0.9999999999999989,9.992007221626409E-16,1.0373992580494066E-21,0.0,0.0,7.48723796537739E-16,1.0147289972202618,1000.0000000000014,0.0
953.3338703003045,3.092786840009936,46.342618695153696,0.8078704226775341,0.24016197165308242,0.8070933388449865,0.8090359920181612,-0.0019426531731747687,1490448.19918688,800768.6422532961,344108.33613341,6.442923397155879E-5,1.0147289972202618,1000.0235129400374,0.0
1906.667740600609,3.4359537687102573,92.68523739030739,0.6157408453552307,0.4803239433059617,0.6149637656908635,0.6169064182038192,-0.001942652512955667,1491277.5143710154,800760.5399831187,344103.9428376463,1.2885846794191962E-4,1.0147289972202618,1000.0235911506682,0.0
2383.334675750761,3.617495851473101,115.85654673788422,0.519676056694048,0.6004049291324399,0.5188989779816732,0.5208416291662324,-0.0019426511845592742,1491245.1707227267,800759.0295307509,344102.18917637714,1.6107308492867235E-4,1.0147289972202618,1000.023593244246,0.0
2860.0016109009134,3.818682921292622,139.02785608546108,0.42361126803285387,0.7204859149589327,0.4228341904025383,0.4247768399438241,-0.0019426495412858125,1491233.070031514,800757.300212574,344100.2047124175,1.9328770191332864E-4,1.0147289972202618,1000.0235950059076,0.0
3552.2452843515066,4.297120275329771,172.67859021153157,0.28410034900693865,0.8948745637413266,0.28332327033534044,0.28526592100889275,-0.0019426506735523152,1491311.4145325674,800758.9509294746,344102.1469357704,2.4007165766172064E-4,1.0147289972202618,1000.0235898436279,0.0
