target_voltage_V,actual_voltage_V,solution_level,absolute_error_V
2.7,2.7000358714397663,1,3.587143976613305E-5
3.3,3.43767783133021,3,0.13767783133021005
3.7,3.618977575913815,4,0.08102242408618521
4.0,3.8220431714448386,5,0.17795682855516137
4.3,4.286702749900815,6,0.013297250099184588
