target_voltage_V,actual_voltage_V,solution_level,absolute_error_V
4.3,4.270985525976198,1,0.02901447402380164
3.5,3.3293955780974005,3,0.1706044219025995
3.3,3.3293955780974005,3,0.029395578097400676
3.0,2.917943426392585,5,0.08205657360741503
2.6,2.917943426392585,5,0.3179434263925849
