target_voltage_V,actual_voltage_V,solution_level,absolute_error_V
4.3,4.266112526532121,1,0.033887473467879126
3.5,3.366089555366565,3,0.13391044463343516
3.3,3.366089555366565,3,0.06608955536656502
3.0,2.9461570968077195,5,0.05384290319228047
2.6,2.9461570968077195,5,0.34615709680771944
