time_s,cell_voltage_V,specific_capacity_mAh_g,average_positive_xNa,positive_desodiation_fraction,surface_positive_xNa,center_positive_xNa,surface_center_delta_xNa,maximum_von_mises_Pa,average_von_mises_Pa,stress_stddev_Pa,mass_balance_relative_error,negative_capacity_ratio,average_electrolyte_concentration_mol_m3,quantitative_ready
0.0,2.7300086099630145,0.0,1.0000000000000004,-5.551115123125783E-16,1.0,1.0000000000000002,-2.220446049250313E-16,7.335520501646285E-22,2.401167199647473E-23,1.3052682034290233E-22,3.0011704882927625E-16,1.0168673850566228,1000.0000000000016,0.0
9513.290881800409,4.10338508265435,46.245164008752,0.29552488314847847,0.8805938960644019,0.2953572883995024,0.2957762639710938,-4.1897557159137344E-4,353814.6568949862,189972.9877945236,81637.04915969816,1.6605952692902562E-4,1.0168673850566228,1000.0086517007862,0.0
10575.524313819013,4.306014801431517,51.408798747731325,0.21686471912733882,0.9789191010908264,0.2166971241726344,0.21711609995602676,-4.1897578339236685E-4,353836.8963183469,189973.326410688,81637.46746586807,1.846013736236178E-4,1.0168673850566228,1000.0086519646119,0.0
