target_voltage_V,actual_voltage_V,solution_level,absolute_error_V
2.7,2.730027119571066,1,0.030027119571065963
3.3,3.4738333012771885,3,0.17383330127718866
3.7,3.6649122857778194,4,0.03508771422218082
4.0,3.8600353416613022,5,0.13996465833869776
4.3,4.28206893744781,6,0.017931062552190014
