time_s,cell_voltage_V,specific_capacity_mAh_g,average_positive_xNa,positive_desodiation_fraction,surface_positive_xNa,center_positive_xNa,surface_center_delta_xNa,maximum_von_mises_Pa,average_von_mises_Pa,stress_stddev_Pa,mass_balance_relative_error,negative_capacity_ratio,average_electrolyte_concentration_mol_m3,quantitative_ready
0.0,2.7000271195710974,0.0,1.0,0.0,0.9999999999999997,0.999999999999999,6.661338147750939E-16,2.0747985160988132E-21,1.48266346834841E-23,1.366387475026106E-22,1.1979580744603825E-15,1.0147289972202618,1000.0000000000011,0.0
953.3338703003045,3.0927868399583858,46.342618695153696,0.8078704226776087,0.24016197165298916,0.8070933388450562,0.8090359920182397,-0.0019426531731835395,2235672.298793163,1201152.9633846988,516162.50420232635,6.442867359357587E-5,1.0147289972202618,1000.0235129400501,0.0
1906.667740600609,3.435953768595558,92.68523739030739,0.6157408453552842,0.4803239433058948,0.6149637656909159,0.6169064182038735,-0.0019426525129575545,2236916.271559836,1201140.8099746802,516155.91425653786,1.2885734718730147E-4,1.0147289972202618,1000.0235911506813,0.0
2383.334675750761,3.6174958513253173,115.85654673788422,0.5196760566941077,0.6004049291323654,0.518898977981731,0.5208416291662904,-0.0019426511845593852,2236867.7560842,1201138.5442960816,516153.2837645859,1.6107168398349041E-4,1.0147289972202618,1000.0235932442602,0.0
2860.0016109009134,3.8186829209512214,139.02785608546108,0.42361126803291504,0.7204859149588562,0.42283419040259757,0.4247768399438842,-0.0019426495412866451,2236849.6050437666,1201135.9503188343,516150.3070686243,1.9328602078117683E-4,1.0147289972202618,1000.0235950059243,0.0
3552.245294936797,4.297119959664528,172.6785907260943,0.28410034687370683,0.8948745664078663,0.2833232682021078,0.28526591887565966,-0.0019426506735518712,2236967.121762257,1201138.4263941967,516153.22040363355,2.4006957033612756E-4,1.0147289972202618,1000.0235898436061,0.0
