target_desodiation_fraction,target_average_xNa,actual_average_xNa,solution_level,absolute_xNa_error
0.0,1.0,0.889318282559194,6,0.11068171744080602
0.25,0.8,0.7637749100995325,4,0.03622508990046758
0.5,0.6,0.6677101214383467,3,0.06771012143834676
0.75,0.3999999999999999,0.475580544115987,2,0.07558054411598708
1.0,0.19999999999999996,0.284100347276775,1,0.08410034727677507
