target_voltage_V,actual_voltage_V,solution_level,absolute_error_V
2.7,2.730027119571066,1,0.030027119571065963
3.3,3.4738333012771547,3,0.1738333012771549
3.7,3.6649122857777923,4,0.03508771422220791
4.0,3.8600353416612685,5,0.1399646583387315
4.3,4.282068937445573,6,0.017931062554426447
