target_voltage_V,actual_voltage_V,solution_level,absolute_error_V
4.3,4.27098552597406,1,0.029014474025939485
3.5,3.3293955780973947,3,0.17060442190260527
3.3,3.3293955780973947,3,0.029395578097394903
3.0,2.917943426392185,5,0.08205657360781515
2.6,2.917943426392185,5,0.31794342639218476
