target_voltage_V,actual_voltage_V,solution_level,absolute_error_V
2.7,2.7000271195710512,1,2.7119571051059665E-5
3.3,3.435953768710255,3,0.13595376871025522
3.7,3.6174958514730986,4,0.08250414852690158
4.0,3.818682921292622,5,0.1813170787073779
4.3,4.297120275326069,6,0.002879724673930717
