target_voltage_V,actual_voltage_V,solution_level,absolute_error_V
2.7,2.700027119571076,1,2.711957107592866E-5
3.3,3.4359488991413247,3,0.1359488991413249
3.7,3.6175037701069623,4,0.08249622989303784
4.0,3.8187879765495585,5,0.18121202345044152
4.3,4.292736226309584,6,0.0072637736904157535
