target_voltage_V,actual_voltage_V,solution_level,absolute_error_V
2.7,2.70008609963227,1,8.609963227002027E-5
3.3,2.70008609963227,1,0.5999139003677296
3.7,2.70008609963227,1,0.99991390036773
4.0,2.70008609963227,1,1.2999139003677298
4.3,2.70008609963227,1,1.5999139003677296
