target_voltage_V,actual_voltage_V,solution_level,absolute_error_V
2.7,2.7300271195712646,1,0.03002711957126447
3.3,3.473833301162803,3,0.17383330116280327
3.7,3.6649122856324947,4,0.03508771436750546
4.0,3.8600353413244384,5,0.13996465867556163
4.3,4.282069091112156,6,0.017930908887843877
