target_voltage_V,actual_voltage_V,solution_level,absolute_error_V
4.3,4.270985325629517,1,0.029014674370483107
3.5,3.329395581905065,3,0.1706044180949351
3.3,3.329395581905065,3,0.029395581905065082
3.0,2.9179434324939955,5,0.08205656750600454
2.6,2.9179434324939955,5,0.31794343249399537
