target_voltage_V,actual_voltage_V,solution_level,absolute_error_V
2.7,2.7300271195712646,1,0.03002711957126447
3.3,3.4738333011628315,3,0.1738333011628317
3.7,3.6649122856325196,4,0.035087714367480594
4.0,3.8600353413244917,5,0.13996465867550834
4.3,4.282069091113351,6,0.01793090888664839
