target_voltage_V,actual_voltage_V,solution_level,absolute_error_V
2.7,2.7300271195710266,1,0.03002711957102644
3.3,3.4738333012771525,3,0.17383330127715269
3.7,3.664912285777763,4,0.03508771422223722
4.0,3.8600353416612507,5,0.13996465833874927
4.3,4.282068937443536,6,0.017931062556463928
