target_voltage_V,actual_voltage_V,solution_level,absolute_error_V
2.7,2.7000271288078914,1,2.712880789124128E-5
3.3,3.4355597630703185,3,0.1355597630703187
3.7,3.6169760564582853,4,0.08302394354171483
4.0,3.8180215201482506,5,0.18197847985174942
4.3,4.286995909123391,6,0.01300409087660892
