target_desodiation_fraction,target_average_xNa,actual_average_xNa,solution_level,absolute_xNa_error
0.0,1.0,1.0000000000000002,1,2.220446049250313E-16
0.25,0.8,0.8078704226775966,2,0.007870422677596522
0.5,0.6,0.6157408453554087,3,0.01574084535540876
0.75,0.3999999999999999,0.42361126803303384,5,0.023611268033033928
1.0,0.19999999999999996,0.28256033904886324,6,0.08256033904886328
