time_s,cell_voltage_V,specific_capacity_mAh_g,average_positive_xNa,positive_desodiation_fraction,surface_positive_xNa,center_positive_xNa,surface_center_delta_xNa,maximum_von_mises_Pa,average_von_mises_Pa,stress_stddev_Pa,mass_balance_relative_error,negative_capacity_ratio,average_electrolyte_concentration_mol_m3,quantitative_ready
0.0,2.7300271195710266,0.0,1.0000000000000007,-8.326672684688674E-16,1.0,1.0000000000000007,-6.661338147750939E-16,7.335520501646285E-22,4.4029625407486377E-23,1.74239530738919E-22,1.200468195317105E-15,1.0168673850566228,1000.0000000000016,0.0
951.3290881800408,3.112803657583205,46.245164008751985,0.8078704226775772,0.24016197165302844,0.8074133438920174,0.8085560073130359,-0.0011426634210185416,964223.9272522912,518112.9896572892,222649.50626655077,6.442846142343046E-5,1.0168673850566228,1000.0234914658918,0.0
1902.6581763600816,3.4738333012771525,92.49032801750397,0.615740845355433,0.48032394330570866,0.6152837691742947,0.6164264295381403,-0.0011426603638455823,964879.8377991006,518107.5395844813,222645.73623098404,1.2885692284791132E-4,1.0168673850566228,1000.0235748390359,0.0
2378.3227204501018,3.664912285777763,115.61291002187997,0.5196760566942524,0.6004049291321845,0.5192189810033134,0.5203616406141822,-0.0011426596108687903,964868.9912727588,518106.70148321684,222644.75375025766,1.61071153560752E-4,1.0168673850566228,1000.0235781229452,0.0
2853.987264540122,3.8600353416612507,138.73549202625594,0.4236112680330498,0.7204859149586876,0.42315419227515494,0.42429685194043776,-0.0011426596652828191,964876.2967349214,518106.81397902133,222644.89233119108,1.9328538427404283E-4,1.0168673850566228,1000.0235777222473,0.0
3552.4005658977976,4.282068937443536,172.68613862003184,0.28256033828290156,0.8967995771463729,0.2821032616490473,0.2832459224571566,-0.0011426608081092637,964928.6008927051,518108.2894930972,222646.66265040232,2.4058520407448425E-4,1.0168673850566228,1000.0235698277268,0.0
