time_s,cell_voltage_V,specific_capacity_mAh_g,average_positive_xNa,positive_desodiation_fraction,surface_positive_xNa,center_positive_xNa,surface_center_delta_xNa,maximum_von_mises_Pa,average_von_mises_Pa,stress_stddev_Pa,mass_balance_relative_error,negative_capacity_ratio,average_electrolyte_concentration_mol_m3,quantitative_ready
0.0,2.7300271195712646,0.0,1.0000000000000002,-2.7755575615628914E-16,0.9999999999999996,1.0000000000000002,-6.661338147750939E-16,7.335520501646285E-22,3.0238200378163035E-23,1.4526247728094002E-22,4.501755732439143E-16,1.0168673850566228,1000.0000000000009,0.0
951.3290881800408,3.112803657531762,46.245164008751985,0.8078704226775966,0.2401619716530043,0.8074133438920316,0.8085560073130537,-0.0011426634210220943,964223.9272559249,518112.98965807597,222649.50626690115,6.442790105403045E-5,1.0168673850566228,1000.0234914658957,0.0
1902.6581763600816,3.4738333011628315,92.49032801750397,0.6157408453554087,0.4803239433057391,0.6152837691742679,0.6164264295381152,-0.0011426603638473587,964879.8377993011,518107.5395844405,222645.7362309807,1.288558021062602E-4,1.0168673850566228,1000.0235748390427,0.0
2378.3227204501018,3.6649122856325196,115.61291002187997,0.5196760566942322,0.6004049291322097,0.5192189810032918,0.5203616406141609,-0.0011426596108691234,964868.9912748276,518106.701483216,222644.75375027675,1.6106975263327543E-4,1.0168673850566228,1000.0235781229512,0.0
2853.987264540122,3.8600353413244917,138.73549202625594,0.42361126803303384,0.7204859149587076,0.42315419227513584,0.42429685194042027,-0.001142659665284429,964876.2967337985,518106.81397900864,222644.8923311987,1.9328370316164118E-4,1.0168673850566228,1000.0235777222528,0.0
3552.4005621050833,4.282069091113351,172.68613843566376,0.28256033904886324,0.8967995761889209,0.28210326241500727,0.28324592322311204,-0.0011426608081047673,964928.601440313,518108.28949402843,222646.66264929605,2.4058311131388543E-4,1.0168673850566228,1000.0235698277113,0.0
