target_voltage_V,actual_voltage_V,solution_level,absolute_error_V
2.7,2.730027119571066,1,0.030027119571065963
3.3,3.473833301277228,3,0.17383330127722818
3.7,3.6649122857778846,4,0.03508771422211554
4.0,3.8600353416613093,5,0.13996465833869065
4.3,4.282068937441908,6,0.01793106255809196
