target_voltage_V,actual_voltage_V,solution_level,absolute_error_V
2.7,2.7300195922471415,1,0.030019592247141347
3.3,3.4725686649538003,3,0.17256866495380052
3.7,3.663848523429818,4,0.03615147657018225
4.0,3.857699480866146,5,0.14230051913385422
4.3,4.290318440779884,6,0.009681559220116043
