target_desodiation_fraction,target_average_xNa,actual_average_xNa,solution_level,absolute_xNa_error
0.0,1.0,0.8893182825591602,6,0.11068171744083977
0.25,0.8,0.7637749100995478,4,0.036225089900452256
0.5,0.6,0.6677101214383601,3,0.06771012143836008
0.75,0.3999999999999999,0.47558054411599876,2,0.07558054411599885
1.0,0.19999999999999996,0.2841003472767804,1,0.08410034727678045
