target_voltage_V,actual_voltage_V,solution_level,absolute_error_V
2.7,2.7000271195710974,1,2.7119571097244943E-5
3.3,3.435953768595558,3,0.13595376859555808
3.7,3.6174958513253173,4,0.08250414867468292
4.0,3.8186829209512214,5,0.18131707904877858
4.3,4.297119959664528,6,0.002880040335472067
