target_desodiation_fraction,target_average_xNa,actual_average_xNa,solution_level,absolute_xNa_error
0.0,1.0,1.0,1,0.0
0.25,0.8,0.8078704226776087,2,0.007870422677608624
0.5,0.6,0.6157408453552842,3,0.015740845355284194
0.75,0.3999999999999999,0.42361126803291504,5,0.023611268032915134
1.0,0.19999999999999996,0.28410034687370683,6,0.08410034687370688
