target_voltage_V,actual_voltage_V,solution_level,absolute_error_V
2.7,2.7000271195710512,1,2.7119571051059665E-5
3.3,3.435953768710253,3,0.135953768710253
3.7,3.617495851473078,4,0.082504148526922
4.0,3.8186829212925923,5,0.18131707870740765
4.3,4.297120275323858,6,0.002879724676141393
