target_desodiation_fraction,target_average_xNa,actual_average_xNa,solution_level,absolute_xNa_error
0.0,1.0,0.8893182827310974,6,0.11068171726890264
0.25,0.8,0.7637749122327907,4,0.03622508776720934
0.5,0.6,0.6677101235715988,3,0.06771012357159878
0.75,0.3999999999999999,0.47558054624922813,2,0.07558054624922822
1.0,0.19999999999999996,0.2841003494100056,1,0.08410034941000566
