target_voltage_V,actual_voltage_V,solution_level,absolute_error_V
2.7,2.7000271195710512,1,2.7119571051059665E-5
3.3,3.4359537687102586,3,0.13595376871025877
3.7,3.617495851473117,4,0.08250414852688337
4.0,3.8186829212926297,5,0.18131707870737035
4.3,4.297120275343428,6,0.002879724656572158
