target_desodiation_fraction,target_average_xNa,actual_average_xNa,solution_level,absolute_xNa_error
0.0,1.0,0.8893182827310203,6,0.11068171726897968
0.25,0.8,0.7637749122327993,4,0.03622508776720079
0.5,0.6,0.6677101235716069,3,0.06771012357160688
0.75,0.3999999999999999,0.4755805462492368,2,0.07558054624923688
1.0,0.19999999999999996,0.2841003494100134,1,0.08410034941001343
