target_voltage_V,actual_voltage_V,solution_level,absolute_error_V
2.7,2.700086099632274,1,8.609963227401707E-5
3.3,2.700086099632274,1,0.5999139003677256
3.7,4.28278067181348,2,0.58278067181348
4.0,4.28278067181348,2,0.2827806718134802
4.3,4.28278067181348,2,0.01721932818651961
