target_voltage_V,actual_voltage_V,solution_level,absolute_error_V
2.7,2.730027119571066,1,0.030027119571065963
3.3,3.4738333012771023,3,0.1738333012771025
3.7,3.6649122857777283,4,0.03508771422227186
4.0,3.8600353416612028,5,0.13996465833879723
4.3,4.2820689374379315,6,0.017931062562068334
