target_voltage_V,actual_voltage_V,solution_level,absolute_error_V
2.7,2.7000271195710845,1,2.7119571084366356E-5
3.3,3.4359537687102493,3,0.13595376871024945
3.7,3.6174958514730737,4,0.08250414852692645
4.0,3.818682921292587,5,0.18131707870741298
4.3,4.2971202753225075,6,0.0028797246774923124
