time_s,cell_voltage_V,specific_capacity_mAh_g,average_positive_xNa,positive_desodiation_fraction,surface_positive_xNa,center_positive_xNa,surface_center_delta_xNa,maximum_von_mises_Pa,average_von_mises_Pa,stress_stddev_Pa,mass_balance_relative_error,negative_capacity_ratio,average_electrolyte_concentration_mol_m3,quantitative_ready
0.0,2.700027119571076,0.0,1.0000000000000002,-2.7755575615628914E-16,0.9999999999999997,0.999999999999999,6.661338147750939E-16,2.934208200658514E-21,3.014952304554234E-23,1.4132988078030407E-22,5.989790372301912E-16,1.0147289972202618,1000.0000000000014,0.0
953.3338703003045,3.0929741813070435,46.342618695153696,0.8078704226777494,0.2401619716528132,0.8070933382266477,0.809035997363729,-0.0019426591370812485,2237224.760412328,1201151.928786142,516169.150054415,6.442923397155879E-5,1.0147289972202618,1000.0235859426729,0.0
1906.667740600609,3.4359488991413247,92.68523739030739,0.6157408453553772,0.4803239433057785,0.6149637656909349,0.6169064182031749,-0.0019426525122400173,2236916.322193533,1201140.8100754803,516155.9145588677,1.2885846794176986E-4,1.0147289972202618,1000.0235911667024,0.0
2383.334675750761,3.6175037701069623,115.85654673788422,0.5196760566941953,0.6004049291322558,0.5188989779815502,0.5208416291635277,-0.0019426511819775616,2236867.785247739,1201138.5452480088,516153.2833862461,1.610730849265759E-4,1.0147289972202618,1000.0235933755803,0.0
2860.0016109009134,3.8187879765495585,139.02785608546108,0.423611268033014,0.7204859149587325,0.42283419040247433,0.4247768399249772,-0.0019426495225028928,2236850.201412378,1201135.9538455305,516150.3036083719,1.9328770191377788E-4,1.0147289972202618,1000.0235951135656,0.0
3554.546460374929,4.292736226309584,172.79045293489241,0.28363658285915017,0.8954542714260623,0.28285950419869194,0.28480215484927157,-0.001942650650579636,2236967.1854533614,1201138.4367927783,516153.2350900846,2.4022717821191368E-4,1.0147289972202618,1000.0235898608756,0.0
